song_id,filename,language,path
0,english_blues_blues.00000.wav,english,C:\Users\ASUS VivoBook\msc\CSE715\project\data\audio\english\english_blues_blues.00000.wav
1,english_blues_blues.00001.wav,english,C:\Users\ASUS VivoBook\msc\CSE715\project\data\audio\english\english_blues_blues.00001.wav
2,english_blues_blues.00002.wav,english,C:\Users\ASUS VivoBook\msc\CSE715\project\data\audio\english\english_blues_blues.00002.wav
3,english_blues_blues.00003.wav,english,C:\Users\ASUS VivoBook\msc\CSE715\project\data\audio\english\english_blues_blues.00003.wav
4,english_blues_blues.00004.wav,english,C:\Users\ASUS VivoBook\msc\CSE715\project\data\audio\english\english_blues_blues.00004.wav
5,english_blues_blues.00005.wav,english,C:\Users\ASUS VivoBook\msc\CSE715\project\data\audio\english\english_blues_blues.00005.wav
6,english_blues_blues.00006.wav,english,C:\Users\ASUS VivoBook\msc\CSE715\project\data\audio\english\english_blues_blues.00006.wav
7,english_blues_blues.00007.wav,english,C:\Users\ASUS VivoBook\msc\CSE715\project\data\audio\english\english_blues_blues.00007.wav
8,english_blues_blues.00008.wav,english,C:\Users\ASUS VivoBook\msc\CSE715\project\data\audio\english\english_blues_blues.00008.wav
9,english_blues_blues.00009.wav,english,C:\Users\ASUS VivoBook\msc\CSE715\project\data\audio\english\english_blues_blues.00009.wav
10,english_blues_blues.00010.wav,english,C:\Users\ASUS VivoBook\msc\CSE715\project\data\audio\english\english_blues_blues.00010.wav
11,english_blues_blues.00011.wav,english,C:\Users\ASUS VivoBook\msc\CSE715\project\data\audio\english\english_blues_blues.00011.wav
12,english_blues_blues.00012.wav,english,C:\Users\ASUS VivoBook\msc\CSE715\project\data\audio\english\english_blues_blues.00012.wav
13,english_blues_blues.00013.wav,english,C:\Users\ASUS VivoBook\msc\CSE715\project\data\audio\english\english_blues_blues.00013.wav
14,english_blues_blues.00014.wav,english,C:\Users\ASUS VivoBook\msc\CSE715\project\data\audio\english\english_blues_blues.00014.wav
15,english_blues_blues.00015.wav,english,C:\Users\ASUS VivoBook\msc\CSE715\project\data\audio\english\english_blues_blues.00015.wav
16,english_blues_blues.00016.wav,english,C:\Users\ASUS VivoBook\msc\CSE715\project\data\audio\english\english_blues_blues.00016.wav
17,english_blues_blues.00017.wav,english,C:\Users\ASUS VivoBook\msc\CSE715\project\data\audio\english\english_blues_blues.00017.wav
18,english_blues_blues.00018.wav,english,C:\Users\ASUS VivoBook\msc\CSE715\project\data\audio\english\english_blues_blues.00018.wav
19,english_blues_blues.00019.wav,english,C:\Users\ASUS VivoBook\msc\CSE715\project\data\audio\english\english_blues_blues.00019.wav
20,english_blues_blues.00020.wav,english,C:\Users\ASUS VivoBook\msc\CSE715\project\data\audio\english\english_blues_blues.00020.wav
21,english_blues_blues.00021.wav,english,C:\Users\ASUS VivoBook\msc\CSE715\project\data\audio\english\english_blues_blues.00021.wav
22,english_blues_blues.00022.wav,english,C:\Users\ASUS VivoBook\msc\CSE715\project\data\audio\english\english_blues_blues.00022.wav
23,english_blues_blues.00023.wav,english,C:\Users\ASUS VivoBook\msc\CSE715\project\data\audio\english\english_blues_blues.00023.wav
24,english_blues_blues.00024.wav,english,C:\Users\ASUS VivoBook\msc\CSE715\project\data\audio\english\english_blues_blues.00024.wav
25,english_classical_classical.00000.wav,english,C:\Users\ASUS VivoBook\msc\CSE715\project\data\audio\english\english_classical_classical.00000.wav
26,english_classical_classical.00001.wav,english,C:\Users\ASUS VivoBook\msc\CSE715\project\data\audio\english\english_classical_classical.00001.wav
27,english_classical_classical.00002.wav,english,C:\Users\ASUS VivoBook\msc\CSE715\project\data\audio\english\english_classical_classical.00002.wav
28,english_classical_classical.00003.wav,english,C:\Users\ASUS VivoBook\msc\CSE715\project\data\audio\english\english_classical_classical.00003.wav
29,english_classical_classical.00004.wav,english,C:\Users\ASUS VivoBook\msc\CSE715\project\data\audio\english\english_classical_classical.00004.wav
30,english_classical_classical.00005.wav,english,C:\Users\ASUS VivoBook\msc\CSE715\project\data\audio\english\english_classical_classical.00005.wav
31,english_classical_classical.00006.wav,english,C:\Users\ASUS VivoBook\msc\CSE715\project\data\audio\english\english_classical_classical.00006.wav
32,english_classical_classical.00007.wav,english,C:\Users\ASUS VivoBook\msc\CSE715\project\data\audio\english\english_classical_classical.00007.wav
33,english_classical_classical.00008.wav,english,C:\Users\ASUS VivoBook\msc\CSE715\project\data\audio\english\english_classical_classical.00008.wav
34,english_classical_classical.00009.wav,english,C:\Users\ASUS VivoBook\msc\CSE715\project\data\audio\english\english_classical_classical.00009.wav
35,english_classical_classical.00010.wav,english,C:\Users\ASUS VivoBook\msc\CSE715\project\data\audio\english\english_classical_classical.00010.wav
36,english_classical_classical.00011.wav,english,C:\Users\ASUS VivoBook\msc\CSE715\project\data\audio\english\english_classical_classical.00011.wav
37,english_classical_classical.00012.wav,english,C:\Users\ASUS VivoBook\msc\CSE715\project\data\audio\english\english_classical_classical.00012.wav
38,english_classical_classical.00013.wav,english,C:\Users\ASUS VivoBook\msc\CSE715\project\data\audio\english\english_classical_classical.00013.wav
39,english_classical_classical.00014.wav,english,C:\Users\ASUS VivoBook\msc\CSE715\project\data\audio\english\english_classical_classical.00014.wav
40,english_classical_classical.00015.wav,english,C:\Users\ASUS VivoBook\msc\CSE715\project\data\audio\english\english_classical_classical.00015.wav
41,english_classical_classical.00016.wav,english,C:\Users\ASUS VivoBook\msc\CSE715\project\data\audio\english\english_classical_classical.00016.wav
42,english_classical_classical.00017.wav,english,C:\Users\ASUS VivoBook\msc\CSE715\project\data\audio\english\english_classical_classical.00017.wav
43,english_classical_classical.00018.wav,english,C:\Users\ASUS VivoBook\msc\CSE715\project\data\audio\english\english_classical_classical.00018.wav
44,english_classical_classical.00019.wav,english,C:\Users\ASUS VivoBook\msc\CSE715\project\data\audio\english\english_classical_classical.00019.wav
45,english_classical_classical.00020.wav,english,C:\Users\ASUS VivoBook\msc\CSE715\project\data\audio\english\english_classical_classical.00020.wav
46,english_classical_classical.00021.wav,english,C:\Users\ASUS VivoBook\msc\CSE715\project\data\audio\english\english_classical_classical.00021.wav
47,english_classical_classical.00022.wav,english,C:\Users\ASUS VivoBook\msc\CSE715\project\data\audio\english\english_classical_classical.00022.wav
48,english_classical_classical.00023.wav,english,C:\Users\ASUS VivoBook\msc\CSE715\project\data\audio\english\english_classical_classical.00023.wav
49,english_classical_classical.00024.wav,english,C:\Users\ASUS VivoBook\msc\CSE715\project\data\audio\english\english_classical_classical.00024.wav
50,english_country_country.00000.wav,english,C:\Users\ASUS VivoBook\msc\CSE715\project\data\audio\english\english_country_country.00000.wav
51,english_country_country.00001.wav,english,C:\Users\ASUS VivoBook\msc\CSE715\project\data\audio\english\english_country_country.00001.wav
52,english_country_country.00002.wav,english,C:\Users\ASUS VivoBook\msc\CSE715\project\data\audio\english\english_country_country.00002.wav
53,english_country_country.00003.wav,english,C:\Users\ASUS VivoBook\msc\CSE715\project\data\audio\english\english_country_country.00003.wav
54,english_country_country.00004.wav,english,C:\Users\ASUS VivoBook\msc\CSE715\project\data\audio\english\english_country_country.00004.wav
55,english_country_country.00005.wav,english,C:\Users\ASUS VivoBook\msc\CSE715\project\data\audio\english\english_country_country.00005.wav
56,english_country_country.00006.wav,english,C:\Users\ASUS VivoBook\msc\CSE715\project\data\audio\english\english_country_country.00006.wav
57,english_country_country.00007.wav,english,C:\Users\ASUS VivoBook\msc\CSE715\project\data\audio\english\english_country_country.00007.wav
58,english_country_country.00008.wav,english,C:\Users\ASUS VivoBook\msc\CSE715\project\data\audio\english\english_country_country.00008.wav
59,english_country_country.00009.wav,english,C:\Users\ASUS VivoBook\msc\CSE715\project\data\audio\english\english_country_country.00009.wav
60,english_country_country.00010.wav,english,C:\Users\ASUS VivoBook\msc\CSE715\project\data\audio\english\english_country_country.00010.wav
61,english_country_country.00011.wav,english,C:\Users\ASUS VivoBook\msc\CSE715\project\data\audio\english\english_country_country.00011.wav
62,english_country_country.00012.wav,english,C:\Users\ASUS VivoBook\msc\CSE715\project\data\audio\english\english_country_country.00012.wav
63,english_country_country.00013.wav,english,C:\Users\ASUS VivoBook\msc\CSE715\project\data\audio\english\english_country_country.00013.wav
64,english_country_country.00014.wav,english,C:\Users\ASUS VivoBook\msc\CSE715\project\data\audio\english\english_country_country.00014.wav
65,english_country_country.00015.wav,english,C:\Users\ASUS VivoBook\msc\CSE715\project\data\audio\english\english_country_country.00015.wav
66,english_country_country.00016.wav,english,C:\Users\ASUS VivoBook\msc\CSE715\project\data\audio\english\english_country_country.00016.wav
67,english_country_country.00017.wav,english,C:\Users\ASUS VivoBook\msc\CSE715\project\data\audio\english\english_country_country.00017.wav
68,english_country_country.00018.wav,english,C:\Users\ASUS VivoBook\msc\CSE715\project\data\audio\english\english_country_country.00018.wav
69,english_country_country.00019.wav,english,C:\Users\ASUS VivoBook\msc\CSE715\project\data\audio\english\english_country_country.00019.wav
70,english_country_country.00020.wav,english,C:\Users\ASUS VivoBook\msc\CSE715\project\data\audio\english\english_country_country.00020.wav
71,english_country_country.00021.wav,english,C:\Users\ASUS VivoBook\msc\CSE715\project\data\audio\english\english_country_country.00021.wav
72,english_country_country.00022.wav,english,C:\Users\ASUS VivoBook\msc\CSE715\project\data\audio\english\english_country_country.00022.wav
73,english_country_country.00023.wav,english,C:\Users\ASUS VivoBook\msc\CSE715\project\data\audio\english\english_country_country.00023.wav
74,english_country_country.00024.wav,english,C:\Users\ASUS VivoBook\msc\CSE715\project\data\audio\english\english_country_country.00024.wav
75,english_disco_disco.00000.wav,english,C:\Users\ASUS VivoBook\msc\CSE715\project\data\audio\english\english_disco_disco.00000.wav
76,english_disco_disco.00001.wav,english,C:\Users\ASUS VivoBook\msc\CSE715\project\data\audio\english\english_disco_disco.00001.wav
77,english_disco_disco.00002.wav,english,C:\Users\ASUS VivoBook\msc\CSE715\project\data\audio\english\english_disco_disco.00002.wav
78,english_disco_disco.00003.wav,english,C:\Users\ASUS VivoBook\msc\CSE715\project\data\audio\english\english_disco_disco.00003.wav
79,english_disco_disco.00004.wav,english,C:\Users\ASUS VivoBook\msc\CSE715\project\data\audio\english\english_disco_disco.00004.wav
80,english_disco_disco.00005.wav,english,C:\Users\ASUS VivoBook\msc\CSE715\project\data\audio\english\english_disco_disco.00005.wav
81,english_disco_disco.00006.wav,english,C:\Users\ASUS VivoBook\msc\CSE715\project\data\audio\english\english_disco_disco.00006.wav
82,english_disco_disco.00007.wav,english,C:\Users\ASUS VivoBook\msc\CSE715\project\data\audio\english\english_disco_disco.00007.wav
83,english_disco_disco.00008.wav,english,C:\Users\ASUS VivoBook\msc\CSE715\project\data\audio\english\english_disco_disco.00008.wav
84,english_disco_disco.00009.wav,english,C:\Users\ASUS VivoBook\msc\CSE715\project\data\audio\english\english_disco_disco.00009.wav
85,english_disco_disco.00010.wav,english,C:\Users\ASUS VivoBook\msc\CSE715\project\data\audio\english\english_disco_disco.00010.wav
86,english_disco_disco.00011.wav,english,C:\Users\ASUS VivoBook\msc\CSE715\project\data\audio\english\english_disco_disco.00011.wav
87,english_disco_disco.00012.wav,english,C:\Users\ASUS VivoBook\msc\CSE715\project\data\audio\english\english_disco_disco.00012.wav
88,english_disco_disco.00013.wav,english,C:\Users\ASUS VivoBook\msc\CSE715\project\data\audio\english\english_disco_disco.00013.wav
89,english_disco_disco.00014.wav,english,C:\Users\ASUS VivoBook\msc\CSE715\project\data\audio\english\english_disco_disco.00014.wav
90,english_disco_disco.00015.wav,english,C:\Users\ASUS VivoBook\msc\CSE715\project\data\audio\english\english_disco_disco.00015.wav
91,english_disco_disco.00016.wav,english,C:\Users\ASUS VivoBook\msc\CSE715\project\data\audio\english\english_disco_disco.00016.wav
92,english_disco_disco.00017.wav,english,C:\Users\ASUS VivoBook\msc\CSE715\project\data\audio\english\english_disco_disco.00017.wav
93,english_disco_disco.00018.wav,english,C:\Users\ASUS VivoBook\msc\CSE715\project\data\audio\english\english_disco_disco.00018.wav
94,english_disco_disco.00019.wav,english,C:\Users\ASUS VivoBook\msc\CSE715\project\data\audio\english\english_disco_disco.00019.wav
95,english_disco_disco.00020.wav,english,C:\Users\ASUS VivoBook\msc\CSE715\project\data\audio\english\english_disco_disco.00020.wav
96,english_disco_disco.00021.wav,english,C:\Users\ASUS VivoBook\msc\CSE715\project\data\audio\english\english_disco_disco.00021.wav
97,english_disco_disco.00022.wav,english,C:\Users\ASUS VivoBook\msc\CSE715\project\data\audio\english\english_disco_disco.00022.wav
98,english_disco_disco.00023.wav,english,C:\Users\ASUS VivoBook\msc\CSE715\project\data\audio\english\english_disco_disco.00023.wav
99,english_disco_disco.00024.wav,english,C:\Users\ASUS VivoBook\msc\CSE715\project\data\audio\english\english_disco_disco.00024.wav
100,english_hiphop_hiphop.00000.wav,english,C:\Users\ASUS VivoBook\msc\CSE715\project\data\audio\english\english_hiphop_hiphop.00000.wav
101,english_hiphop_hiphop.00001.wav,english,C:\Users\ASUS VivoBook\msc\CSE715\project\data\audio\english\english_hiphop_hiphop.00001.wav
102,english_hiphop_hiphop.00002.wav,english,C:\Users\ASUS VivoBook\msc\CSE715\project\data\audio\english\english_hiphop_hiphop.00002.wav
103,english_hiphop_hiphop.00003.wav,english,C:\Users\ASUS VivoBook\msc\CSE715\project\data\audio\english\english_hiphop_hiphop.00003.wav
104,english_hiphop_hiphop.00004.wav,english,C:\Users\ASUS VivoBook\msc\CSE715\project\data\audio\english\english_hiphop_hiphop.00004.wav
105,english_hiphop_hiphop.00005.wav,english,C:\Users\ASUS VivoBook\msc\CSE715\project\data\audio\english\english_hiphop_hiphop.00005.wav
106,english_hiphop_hiphop.00006.wav,english,C:\Users\ASUS VivoBook\msc\CSE715\project\data\audio\english\english_hiphop_hiphop.00006.wav
107,english_hiphop_hiphop.00007.wav,english,C:\Users\ASUS VivoBook\msc\CSE715\project\data\audio\english\english_hiphop_hiphop.00007.wav
108,english_hiphop_hiphop.00008.wav,english,C:\Users\ASUS VivoBook\msc\CSE715\project\data\audio\english\english_hiphop_hiphop.00008.wav
109,english_hiphop_hiphop.00009.wav,english,C:\Users\ASUS VivoBook\msc\CSE715\project\data\audio\english\english_hiphop_hiphop.00009.wav
110,english_hiphop_hiphop.00010.wav,english,C:\Users\ASUS VivoBook\msc\CSE715\project\data\audio\english\english_hiphop_hiphop.00010.wav
111,english_hiphop_hiphop.00011.wav,english,C:\Users\ASUS VivoBook\msc\CSE715\project\data\audio\english\english_hiphop_hiphop.00011.wav
112,english_hiphop_hiphop.00012.wav,english,C:\Users\ASUS VivoBook\msc\CSE715\project\data\audio\english\english_hiphop_hiphop.00012.wav
113,english_hiphop_hiphop.00013.wav,english,C:\Users\ASUS VivoBook\msc\CSE715\project\data\audio\english\english_hiphop_hiphop.00013.wav
114,english_hiphop_hiphop.00014.wav,english,C:\Users\ASUS VivoBook\msc\CSE715\project\data\audio\english\english_hiphop_hiphop.00014.wav
115,english_hiphop_hiphop.00015.wav,english,C:\Users\ASUS VivoBook\msc\CSE715\project\data\audio\english\english_hiphop_hiphop.00015.wav
116,english_hiphop_hiphop.00016.wav,english,C:\Users\ASUS VivoBook\msc\CSE715\project\data\audio\english\english_hiphop_hiphop.00016.wav
117,english_hiphop_hiphop.00017.wav,english,C:\Users\ASUS VivoBook\msc\CSE715\project\data\audio\english\english_hiphop_hiphop.00017.wav
118,english_hiphop_hiphop.00018.wav,english,C:\Users\ASUS VivoBook\msc\CSE715\project\data\audio\english\english_hiphop_hiphop.00018.wav
119,english_hiphop_hiphop.00019.wav,english,C:\Users\ASUS VivoBook\msc\CSE715\project\data\audio\english\english_hiphop_hiphop.00019.wav
120,english_hiphop_hiphop.00020.wav,english,C:\Users\ASUS VivoBook\msc\CSE715\project\data\audio\english\english_hiphop_hiphop.00020.wav
121,english_hiphop_hiphop.00021.wav,english,C:\Users\ASUS VivoBook\msc\CSE715\project\data\audio\english\english_hiphop_hiphop.00021.wav
122,english_hiphop_hiphop.00022.wav,english,C:\Users\ASUS VivoBook\msc\CSE715\project\data\audio\english\english_hiphop_hiphop.00022.wav
123,english_hiphop_hiphop.00023.wav,english,C:\Users\ASUS VivoBook\msc\CSE715\project\data\audio\english\english_hiphop_hiphop.00023.wav
124,english_hiphop_hiphop.00024.wav,english,C:\Users\ASUS VivoBook\msc\CSE715\project\data\audio\english\english_hiphop_hiphop.00024.wav
125,english_jazz_jazz.00000.wav,english,C:\Users\ASUS VivoBook\msc\CSE715\project\data\audio\english\english_jazz_jazz.00000.wav
126,english_jazz_jazz.00001.wav,english,C:\Users\ASUS VivoBook\msc\CSE715\project\data\audio\english\english_jazz_jazz.00001.wav
127,english_jazz_jazz.00002.wav,english,C:\Users\ASUS VivoBook\msc\CSE715\project\data\audio\english\english_jazz_jazz.00002.wav
128,english_jazz_jazz.00003.wav,english,C:\Users\ASUS VivoBook\msc\CSE715\project\data\audio\english\english_jazz_jazz.00003.wav
129,english_jazz_jazz.00004.wav,english,C:\Users\ASUS VivoBook\msc\CSE715\project\data\audio\english\english_jazz_jazz.00004.wav
130,english_jazz_jazz.00005.wav,english,C:\Users\ASUS VivoBook\msc\CSE715\project\data\audio\english\english_jazz_jazz.00005.wav
131,english_jazz_jazz.00006.wav,english,C:\Users\ASUS VivoBook\msc\CSE715\project\data\audio\english\english_jazz_jazz.00006.wav
132,english_jazz_jazz.00007.wav,english,C:\Users\ASUS VivoBook\msc\CSE715\project\data\audio\english\english_jazz_jazz.00007.wav
133,english_jazz_jazz.00008.wav,english,C:\Users\ASUS VivoBook\msc\CSE715\project\data\audio\english\english_jazz_jazz.00008.wav
134,english_jazz_jazz.00009.wav,english,C:\Users\ASUS VivoBook\msc\CSE715\project\data\audio\english\english_jazz_jazz.00009.wav
135,english_jazz_jazz.00010.wav,english,C:\Users\ASUS VivoBook\msc\CSE715\project\data\audio\english\english_jazz_jazz.00010.wav
136,english_jazz_jazz.00011.wav,english,C:\Users\ASUS VivoBook\msc\CSE715\project\data\audio\english\english_jazz_jazz.00011.wav
137,english_jazz_jazz.00012.wav,english,C:\Users\ASUS VivoBook\msc\CSE715\project\data\audio\english\english_jazz_jazz.00012.wav
138,english_jazz_jazz.00013.wav,english,C:\Users\ASUS VivoBook\msc\CSE715\project\data\audio\english\english_jazz_jazz.00013.wav
139,english_jazz_jazz.00014.wav,english,C:\Users\ASUS VivoBook\msc\CSE715\project\data\audio\english\english_jazz_jazz.00014.wav
140,english_jazz_jazz.00015.wav,english,C:\Users\ASUS VivoBook\msc\CSE715\project\data\audio\english\english_jazz_jazz.00015.wav
141,english_jazz_jazz.00016.wav,english,C:\Users\ASUS VivoBook\msc\CSE715\project\data\audio\english\english_jazz_jazz.00016.wav
142,english_jazz_jazz.00017.wav,english,C:\Users\ASUS VivoBook\msc\CSE715\project\data\audio\english\english_jazz_jazz.00017.wav
143,english_jazz_jazz.00018.wav,english,C:\Users\ASUS VivoBook\msc\CSE715\project\data\audio\english\english_jazz_jazz.00018.wav
144,english_jazz_jazz.00019.wav,english,C:\Users\ASUS VivoBook\msc\CSE715\project\data\audio\english\english_jazz_jazz.00019.wav
145,english_jazz_jazz.00020.wav,english,C:\Users\ASUS VivoBook\msc\CSE715\project\data\audio\english\english_jazz_jazz.00020.wav
146,english_jazz_jazz.00021.wav,english,C:\Users\ASUS VivoBook\msc\CSE715\project\data\audio\english\english_jazz_jazz.00021.wav
147,english_jazz_jazz.00022.wav,english,C:\Users\ASUS VivoBook\msc\CSE715\project\data\audio\english\english_jazz_jazz.00022.wav
148,english_jazz_jazz.00023.wav,english,C:\Users\ASUS VivoBook\msc\CSE715\project\data\audio\english\english_jazz_jazz.00023.wav
149,english_jazz_jazz.00024.wav,english,C:\Users\ASUS VivoBook\msc\CSE715\project\data\audio\english\english_jazz_jazz.00024.wav
150,english_metal_metal.00000.wav,english,C:\Users\ASUS VivoBook\msc\CSE715\project\data\audio\english\english_metal_metal.00000.wav
151,english_metal_metal.00001.wav,english,C:\Users\ASUS VivoBook\msc\CSE715\project\data\audio\english\english_metal_metal.00001.wav
152,english_metal_metal.00002.wav,english,C:\Users\ASUS VivoBook\msc\CSE715\project\data\audio\english\english_metal_metal.00002.wav
153,english_metal_metal.00003.wav,english,C:\Users\ASUS VivoBook\msc\CSE715\project\data\audio\english\english_metal_metal.00003.wav
154,english_metal_metal.00004.wav,english,C:\Users\ASUS VivoBook\msc\CSE715\project\data\audio\english\english_metal_metal.00004.wav
155,english_metal_metal.00005.wav,english,C:\Users\ASUS VivoBook\msc\CSE715\project\data\audio\english\english_metal_metal.00005.wav
156,english_metal_metal.00006.wav,english,C:\Users\ASUS VivoBook\msc\CSE715\project\data\audio\english\english_metal_metal.00006.wav
157,english_metal_metal.00007.wav,english,C:\Users\ASUS VivoBook\msc\CSE715\project\data\audio\english\english_metal_metal.00007.wav
158,english_metal_metal.00008.wav,english,C:\Users\ASUS VivoBook\msc\CSE715\project\data\audio\english\english_metal_metal.00008.wav
159,english_metal_metal.00009.wav,english,C:\Users\ASUS VivoBook\msc\CSE715\project\data\audio\english\english_metal_metal.00009.wav
160,english_metal_metal.00010.wav,english,C:\Users\ASUS VivoBook\msc\CSE715\project\data\audio\english\english_metal_metal.00010.wav
161,english_metal_metal.00011.wav,english,C:\Users\ASUS VivoBook\msc\CSE715\project\data\audio\english\english_metal_metal.00011.wav
162,english_metal_metal.00012.wav,english,C:\Users\ASUS VivoBook\msc\CSE715\project\data\audio\english\english_metal_metal.00012.wav
163,english_metal_metal.00013.wav,english,C:\Users\ASUS VivoBook\msc\CSE715\project\data\audio\english\english_metal_metal.00013.wav
164,english_metal_metal.00014.wav,english,C:\Users\ASUS VivoBook\msc\CSE715\project\data\audio\english\english_metal_metal.00014.wav
165,english_metal_metal.00015.wav,english,C:\Users\ASUS VivoBook\msc\CSE715\project\data\audio\english\english_metal_metal.00015.wav
166,english_metal_metal.00016.wav,english,C:\Users\ASUS VivoBook\msc\CSE715\project\data\audio\english\english_metal_metal.00016.wav
167,english_metal_metal.00017.wav,english,C:\Users\ASUS VivoBook\msc\CSE715\project\data\audio\english\english_metal_metal.00017.wav
168,english_metal_metal.00018.wav,english,C:\Users\ASUS VivoBook\msc\CSE715\project\data\audio\english\english_metal_metal.00018.wav
169,english_metal_metal.00019.wav,english,C:\Users\ASUS VivoBook\msc\CSE715\project\data\audio\english\english_metal_metal.00019.wav
170,english_metal_metal.00020.wav,english,C:\Users\ASUS VivoBook\msc\CSE715\project\data\audio\english\english_metal_metal.00020.wav
171,english_metal_metal.00021.wav,english,C:\Users\ASUS VivoBook\msc\CSE715\project\data\audio\english\english_metal_metal.00021.wav
172,english_metal_metal.00022.wav,english,C:\Users\ASUS VivoBook\msc\CSE715\project\data\audio\english\english_metal_metal.00022.wav
173,english_metal_metal.00023.wav,english,C:\Users\ASUS VivoBook\msc\CSE715\project\data\audio\english\english_metal_metal.00023.wav
174,english_metal_metal.00024.wav,english,C:\Users\ASUS VivoBook\msc\CSE715\project\data\audio\english\english_metal_metal.00024.wav
175,english_pop_pop.00000.wav,english,C:\Users\ASUS VivoBook\msc\CSE715\project\data\audio\english\english_pop_pop.00000.wav
176,english_pop_pop.00001.wav,english,C:\Users\ASUS VivoBook\msc\CSE715\project\data\audio\english\english_pop_pop.00001.wav
177,english_pop_pop.00002.wav,english,C:\Users\ASUS VivoBook\msc\CSE715\project\data\audio\english\english_pop_pop.00002.wav
178,english_pop_pop.00003.wav,english,C:\Users\ASUS VivoBook\msc\CSE715\project\data\audio\english\english_pop_pop.00003.wav
179,english_pop_pop.00004.wav,english,C:\Users\ASUS VivoBook\msc\CSE715\project\data\audio\english\english_pop_pop.00004.wav
180,english_pop_pop.00005.wav,english,C:\Users\ASUS VivoBook\msc\CSE715\project\data\audio\english\english_pop_pop.00005.wav
181,english_pop_pop.00006.wav,english,C:\Users\ASUS VivoBook\msc\CSE715\project\data\audio\english\english_pop_pop.00006.wav
182,english_pop_pop.00007.wav,english,C:\Users\ASUS VivoBook\msc\CSE715\project\data\audio\english\english_pop_pop.00007.wav
183,english_pop_pop.00008.wav,english,C:\Users\ASUS VivoBook\msc\CSE715\project\data\audio\english\english_pop_pop.00008.wav
184,english_pop_pop.00009.wav,english,C:\Users\ASUS VivoBook\msc\CSE715\project\data\audio\english\english_pop_pop.00009.wav
185,english_pop_pop.00010.wav,english,C:\Users\ASUS VivoBook\msc\CSE715\project\data\audio\english\english_pop_pop.00010.wav
186,english_pop_pop.00011.wav,english,C:\Users\ASUS VivoBook\msc\CSE715\project\data\audio\english\english_pop_pop.00011.wav
187,english_pop_pop.00012.wav,english,C:\Users\ASUS VivoBook\msc\CSE715\project\data\audio\english\english_pop_pop.00012.wav
188,english_pop_pop.00013.wav,english,C:\Users\ASUS VivoBook\msc\CSE715\project\data\audio\english\english_pop_pop.00013.wav
189,english_pop_pop.00014.wav,english,C:\Users\ASUS VivoBook\msc\CSE715\project\data\audio\english\english_pop_pop.00014.wav
190,english_pop_pop.00015.wav,english,C:\Users\ASUS VivoBook\msc\CSE715\project\data\audio\english\english_pop_pop.00015.wav
191,english_pop_pop.00016.wav,english,C:\Users\ASUS VivoBook\msc\CSE715\project\data\audio\english\english_pop_pop.00016.wav
192,english_pop_pop.00017.wav,english,C:\Users\ASUS VivoBook\msc\CSE715\project\data\audio\english\english_pop_pop.00017.wav
193,english_pop_pop.00018.wav,english,C:\Users\ASUS VivoBook\msc\CSE715\project\data\audio\english\english_pop_pop.00018.wav
194,english_pop_pop.00019.wav,english,C:\Users\ASUS VivoBook\msc\CSE715\project\data\audio\english\english_pop_pop.00019.wav
195,english_pop_pop.00020.wav,english,C:\Users\ASUS VivoBook\msc\CSE715\project\data\audio\english\english_pop_pop.00020.wav
196,english_pop_pop.00021.wav,english,C:\Users\ASUS VivoBook\msc\CSE715\project\data\audio\english\english_pop_pop.00021.wav
197,english_pop_pop.00022.wav,english,C:\Users\ASUS VivoBook\msc\CSE715\project\data\audio\english\english_pop_pop.00022.wav
198,english_pop_pop.00023.wav,english,C:\Users\ASUS VivoBook\msc\CSE715\project\data\audio\english\english_pop_pop.00023.wav
199,english_pop_pop.00024.wav,english,C:\Users\ASUS VivoBook\msc\CSE715\project\data\audio\english\english_pop_pop.00024.wav
200,english_reggae_reggae.00000.wav,english,C:\Users\ASUS VivoBook\msc\CSE715\project\data\audio\english\english_reggae_reggae.00000.wav
201,english_reggae_reggae.00001.wav,english,C:\Users\ASUS VivoBook\msc\CSE715\project\data\audio\english\english_reggae_reggae.00001.wav
202,english_reggae_reggae.00002.wav,english,C:\Users\ASUS VivoBook\msc\CSE715\project\data\audio\english\english_reggae_reggae.00002.wav
203,english_reggae_reggae.00003.wav,english,C:\Users\ASUS VivoBook\msc\CSE715\project\data\audio\english\english_reggae_reggae.00003.wav
204,english_reggae_reggae.00004.wav,english,C:\Users\ASUS VivoBook\msc\CSE715\project\data\audio\english\english_reggae_reggae.00004.wav
205,english_reggae_reggae.00005.wav,english,C:\Users\ASUS VivoBook\msc\CSE715\project\data\audio\english\english_reggae_reggae.00005.wav
206,english_reggae_reggae.00006.wav,english,C:\Users\ASUS VivoBook\msc\CSE715\project\data\audio\english\english_reggae_reggae.00006.wav
207,english_reggae_reggae.00007.wav,english,C:\Users\ASUS VivoBook\msc\CSE715\project\data\audio\english\english_reggae_reggae.00007.wav
208,english_reggae_reggae.00008.wav,english,C:\Users\ASUS VivoBook\msc\CSE715\project\data\audio\english\english_reggae_reggae.00008.wav
209,english_reggae_reggae.00009.wav,english,C:\Users\ASUS VivoBook\msc\CSE715\project\data\audio\english\english_reggae_reggae.00009.wav
210,english_reggae_reggae.00010.wav,english,C:\Users\ASUS VivoBook\msc\CSE715\project\data\audio\english\english_reggae_reggae.00010.wav
211,english_reggae_reggae.00011.wav,english,C:\Users\ASUS VivoBook\msc\CSE715\project\data\audio\english\english_reggae_reggae.00011.wav
212,english_reggae_reggae.00012.wav,english,C:\Users\ASUS VivoBook\msc\CSE715\project\data\audio\english\english_reggae_reggae.00012.wav
213,english_reggae_reggae.00013.wav,english,C:\Users\ASUS VivoBook\msc\CSE715\project\data\audio\english\english_reggae_reggae.00013.wav
214,english_reggae_reggae.00014.wav,english,C:\Users\ASUS VivoBook\msc\CSE715\project\data\audio\english\english_reggae_reggae.00014.wav
215,english_reggae_reggae.00015.wav,english,C:\Users\ASUS VivoBook\msc\CSE715\project\data\audio\english\english_reggae_reggae.00015.wav
216,english_reggae_reggae.00016.wav,english,C:\Users\ASUS VivoBook\msc\CSE715\project\data\audio\english\english_reggae_reggae.00016.wav
217,english_reggae_reggae.00017.wav,english,C:\Users\ASUS VivoBook\msc\CSE715\project\data\audio\english\english_reggae_reggae.00017.wav
218,english_reggae_reggae.00018.wav,english,C:\Users\ASUS VivoBook\msc\CSE715\project\data\audio\english\english_reggae_reggae.00018.wav
219,english_reggae_reggae.00019.wav,english,C:\Users\ASUS VivoBook\msc\CSE715\project\data\audio\english\english_reggae_reggae.00019.wav
220,english_reggae_reggae.00020.wav,english,C:\Users\ASUS VivoBook\msc\CSE715\project\data\audio\english\english_reggae_reggae.00020.wav
221,english_reggae_reggae.00021.wav,english,C:\Users\ASUS VivoBook\msc\CSE715\project\data\audio\english\english_reggae_reggae.00021.wav
222,english_reggae_reggae.00022.wav,english,C:\Users\ASUS VivoBook\msc\CSE715\project\data\audio\english\english_reggae_reggae.00022.wav
223,english_reggae_reggae.00023.wav,english,C:\Users\ASUS VivoBook\msc\CSE715\project\data\audio\english\english_reggae_reggae.00023.wav
224,english_reggae_reggae.00024.wav,english,C:\Users\ASUS VivoBook\msc\CSE715\project\data\audio\english\english_reggae_reggae.00024.wav
225,english_rock_rock.00000.wav,english,C:\Users\ASUS VivoBook\msc\CSE715\project\data\audio\english\english_rock_rock.00000.wav
226,english_rock_rock.00001.wav,english,C:\Users\ASUS VivoBook\msc\CSE715\project\data\audio\english\english_rock_rock.00001.wav
227,english_rock_rock.00002.wav,english,C:\Users\ASUS VivoBook\msc\CSE715\project\data\audio\english\english_rock_rock.00002.wav
228,english_rock_rock.00003.wav,english,C:\Users\ASUS VivoBook\msc\CSE715\project\data\audio\english\english_rock_rock.00003.wav
229,english_rock_rock.00004.wav,english,C:\Users\ASUS VivoBook\msc\CSE715\project\data\audio\english\english_rock_rock.00004.wav
230,english_rock_rock.00005.wav,english,C:\Users\ASUS VivoBook\msc\CSE715\project\data\audio\english\english_rock_rock.00005.wav
231,english_rock_rock.00006.wav,english,C:\Users\ASUS VivoBook\msc\CSE715\project\data\audio\english\english_rock_rock.00006.wav
232,english_rock_rock.00007.wav,english,C:\Users\ASUS VivoBook\msc\CSE715\project\data\audio\english\english_rock_rock.00007.wav
233,english_rock_rock.00008.wav,english,C:\Users\ASUS VivoBook\msc\CSE715\project\data\audio\english\english_rock_rock.00008.wav
234,english_rock_rock.00009.wav,english,C:\Users\ASUS VivoBook\msc\CSE715\project\data\audio\english\english_rock_rock.00009.wav
235,english_rock_rock.00010.wav,english,C:\Users\ASUS VivoBook\msc\CSE715\project\data\audio\english\english_rock_rock.00010.wav
236,english_rock_rock.00011.wav,english,C:\Users\ASUS VivoBook\msc\CSE715\project\data\audio\english\english_rock_rock.00011.wav
237,english_rock_rock.00012.wav,english,C:\Users\ASUS VivoBook\msc\CSE715\project\data\audio\english\english_rock_rock.00012.wav
238,english_rock_rock.00013.wav,english,C:\Users\ASUS VivoBook\msc\CSE715\project\data\audio\english\english_rock_rock.00013.wav
239,english_rock_rock.00014.wav,english,C:\Users\ASUS VivoBook\msc\CSE715\project\data\audio\english\english_rock_rock.00014.wav
240,english_rock_rock.00015.wav,english,C:\Users\ASUS VivoBook\msc\CSE715\project\data\audio\english\english_rock_rock.00015.wav
241,english_rock_rock.00016.wav,english,C:\Users\ASUS VivoBook\msc\CSE715\project\data\audio\english\english_rock_rock.00016.wav
242,english_rock_rock.00017.wav,english,C:\Users\ASUS VivoBook\msc\CSE715\project\data\audio\english\english_rock_rock.00017.wav
243,english_rock_rock.00018.wav,english,C:\Users\ASUS VivoBook\msc\CSE715\project\data\audio\english\english_rock_rock.00018.wav
244,english_rock_rock.00019.wav,english,C:\Users\ASUS VivoBook\msc\CSE715\project\data\audio\english\english_rock_rock.00019.wav
245,english_rock_rock.00020.wav,english,C:\Users\ASUS VivoBook\msc\CSE715\project\data\audio\english\english_rock_rock.00020.wav
246,english_rock_rock.00021.wav,english,C:\Users\ASUS VivoBook\msc\CSE715\project\data\audio\english\english_rock_rock.00021.wav
247,english_rock_rock.00022.wav,english,C:\Users\ASUS VivoBook\msc\CSE715\project\data\audio\english\english_rock_rock.00022.wav
248,english_rock_rock.00023.wav,english,C:\Users\ASUS VivoBook\msc\CSE715\project\data\audio\english\english_rock_rock.00023.wav
249,english_rock_rock.00024.wav,english,C:\Users\ASUS VivoBook\msc\CSE715\project\data\audio\english\english_rock_rock.00024.wav
250,bangla_classical_002.wav,bangla,C:\Users\ASUS VivoBook\msc\CSE715\project\data\audio\bangla\bangla_classical_002.wav
251,bangla_classical_007.wav,bangla,C:\Users\ASUS VivoBook\msc\CSE715\project\data\audio\bangla\bangla_classical_007.wav
252,bangla_classical_012.wav,bangla,C:\Users\ASUS VivoBook\msc\CSE715\project\data\audio\bangla\bangla_classical_012.wav
253,bangla_classical_017.wav,bangla,C:\Users\ASUS VivoBook\msc\CSE715\project\data\audio\bangla\bangla_classical_017.wav
254,bangla_classical_022.wav,bangla,C:\Users\ASUS VivoBook\msc\CSE715\project\data\audio\bangla\bangla_classical_022.wav
255,bangla_classical_027.wav,bangla,C:\Users\ASUS VivoBook\msc\CSE715\project\data\audio\bangla\bangla_classical_027.wav
256,bangla_classical_032.wav,bangla,C:\Users\ASUS VivoBook\msc\CSE715\project\data\audio\bangla\bangla_classical_032.wav
257,bangla_classical_037.wav,bangla,C:\Users\ASUS VivoBook\msc\CSE715\project\data\audio\bangla\bangla_classical_037.wav
258,bangla_classical_042.wav,bangla,C:\Users\ASUS VivoBook\msc\CSE715\project\data\audio\bangla\bangla_classical_042.wav
259,bangla_classical_047.wav,bangla,C:\Users\ASUS VivoBook\msc\CSE715\project\data\audio\bangla\bangla_classical_047.wav
260,bangla_classical_052.wav,bangla,C:\Users\ASUS VivoBook\msc\CSE715\project\data\audio\bangla\bangla_classical_052.wav
261,bangla_classical_057.wav,bangla,C:\Users\ASUS VivoBook\msc\CSE715\project\data\audio\bangla\bangla_classical_057.wav
262,bangla_classical_062.wav,bangla,C:\Users\ASUS VivoBook\msc\CSE715\project\data\audio\bangla\bangla_classical_062.wav
263,bangla_classical_067.wav,bangla,C:\Users\ASUS VivoBook\msc\CSE715\project\data\audio\bangla\bangla_classical_067.wav
264,bangla_classical_072.wav,bangla,C:\Users\ASUS VivoBook\msc\CSE715\project\data\audio\bangla\bangla_classical_072.wav
265,bangla_classical_077.wav,bangla,C:\Users\ASUS VivoBook\msc\CSE715\project\data\audio\bangla\bangla_classical_077.wav
266,bangla_classical_082.wav,bangla,C:\Users\ASUS VivoBook\msc\CSE715\project\data\audio\bangla\bangla_classical_082.wav
267,bangla_classical_087.wav,bangla,C:\Users\ASUS VivoBook\msc\CSE715\project\data\audio\bangla\bangla_classical_087.wav
268,bangla_classical_092.wav,bangla,C:\Users\ASUS VivoBook\msc\CSE715\project\data\audio\bangla\bangla_classical_092.wav
269,bangla_classical_097.wav,bangla,C:\Users\ASUS VivoBook\msc\CSE715\project\data\audio\bangla\bangla_classical_097.wav
270,bangla_classical_102.wav,bangla,C:\Users\ASUS VivoBook\msc\CSE715\project\data\audio\bangla\bangla_classical_102.wav
271,bangla_classical_107.wav,bangla,C:\Users\ASUS VivoBook\msc\CSE715\project\data\audio\bangla\bangla_classical_107.wav
272,bangla_classical_112.wav,bangla,C:\Users\ASUS VivoBook\msc\CSE715\project\data\audio\bangla\bangla_classical_112.wav
273,bangla_classical_117.wav,bangla,C:\Users\ASUS VivoBook\msc\CSE715\project\data\audio\bangla\bangla_classical_117.wav
274,bangla_classical_122.wav,bangla,C:\Users\ASUS VivoBook\msc\CSE715\project\data\audio\bangla\bangla_classical_122.wav
275,bangla_classical_127.wav,bangla,C:\Users\ASUS VivoBook\msc\CSE715\project\data\audio\bangla\bangla_classical_127.wav
276,bangla_classical_132.wav,bangla,C:\Users\ASUS VivoBook\msc\CSE715\project\data\audio\bangla\bangla_classical_132.wav
277,bangla_classical_137.wav,bangla,C:\Users\ASUS VivoBook\msc\CSE715\project\data\audio\bangla\bangla_classical_137.wav
278,bangla_classical_142.wav,bangla,C:\Users\ASUS VivoBook\msc\CSE715\project\data\audio\bangla\bangla_classical_142.wav
279,bangla_classical_147.wav,bangla,C:\Users\ASUS VivoBook\msc\CSE715\project\data\audio\bangla\bangla_classical_147.wav
280,bangla_classical_152.wav,bangla,C:\Users\ASUS VivoBook\msc\CSE715\project\data\audio\bangla\bangla_classical_152.wav
281,bangla_classical_157.wav,bangla,C:\Users\ASUS VivoBook\msc\CSE715\project\data\audio\bangla\bangla_classical_157.wav
282,bangla_classical_162.wav,bangla,C:\Users\ASUS VivoBook\msc\CSE715\project\data\audio\bangla\bangla_classical_162.wav
283,bangla_classical_167.wav,bangla,C:\Users\ASUS VivoBook\msc\CSE715\project\data\audio\bangla\bangla_classical_167.wav
284,bangla_classical_172.wav,bangla,C:\Users\ASUS VivoBook\msc\CSE715\project\data\audio\bangla\bangla_classical_172.wav
285,bangla_classical_177.wav,bangla,C:\Users\ASUS VivoBook\msc\CSE715\project\data\audio\bangla\bangla_classical_177.wav
286,bangla_classical_182.wav,bangla,C:\Users\ASUS VivoBook\msc\CSE715\project\data\audio\bangla\bangla_classical_182.wav
287,bangla_classical_187.wav,bangla,C:\Users\ASUS VivoBook\msc\CSE715\project\data\audio\bangla\bangla_classical_187.wav
288,bangla_classical_192.wav,bangla,C:\Users\ASUS VivoBook\msc\CSE715\project\data\audio\bangla\bangla_classical_192.wav
289,bangla_classical_197.wav,bangla,C:\Users\ASUS VivoBook\msc\CSE715\project\data\audio\bangla\bangla_classical_197.wav
290,bangla_classical_202.wav,bangla,C:\Users\ASUS VivoBook\msc\CSE715\project\data\audio\bangla\bangla_classical_202.wav
291,bangla_classical_207.wav,bangla,C:\Users\ASUS VivoBook\msc\CSE715\project\data\audio\bangla\bangla_classical_207.wav
292,bangla_classical_212.wav,bangla,C:\Users\ASUS VivoBook\msc\CSE715\project\data\audio\bangla\bangla_classical_212.wav
293,bangla_classical_217.wav,bangla,C:\Users\ASUS VivoBook\msc\CSE715\project\data\audio\bangla\bangla_classical_217.wav
294,bangla_classical_222.wav,bangla,C:\Users\ASUS VivoBook\msc\CSE715\project\data\audio\bangla\bangla_classical_222.wav
295,bangla_classical_227.wav,bangla,C:\Users\ASUS VivoBook\msc\CSE715\project\data\audio\bangla\bangla_classical_227.wav
296,bangla_classical_232.wav,bangla,C:\Users\ASUS VivoBook\msc\CSE715\project\data\audio\bangla\bangla_classical_232.wav
297,bangla_classical_237.wav,bangla,C:\Users\ASUS VivoBook\msc\CSE715\project\data\audio\bangla\bangla_classical_237.wav
298,bangla_classical_242.wav,bangla,C:\Users\ASUS VivoBook\msc\CSE715\project\data\audio\bangla\bangla_classical_242.wav
299,bangla_classical_247.wav,bangla,C:\Users\ASUS VivoBook\msc\CSE715\project\data\audio\bangla\bangla_classical_247.wav
300,bangla_devotional_005.wav,bangla,C:\Users\ASUS VivoBook\msc\CSE715\project\data\audio\bangla\bangla_devotional_005.wav
301,bangla_devotional_010.wav,bangla,C:\Users\ASUS VivoBook\msc\CSE715\project\data\audio\bangla\bangla_devotional_010.wav
302,bangla_devotional_015.wav,bangla,C:\Users\ASUS VivoBook\msc\CSE715\project\data\audio\bangla\bangla_devotional_015.wav
303,bangla_devotional_020.wav,bangla,C:\Users\ASUS VivoBook\msc\CSE715\project\data\audio\bangla\bangla_devotional_020.wav
304,bangla_devotional_025.wav,bangla,C:\Users\ASUS VivoBook\msc\CSE715\project\data\audio\bangla\bangla_devotional_025.wav
305,bangla_devotional_030.wav,bangla,C:\Users\ASUS VivoBook\msc\CSE715\project\data\audio\bangla\bangla_devotional_030.wav
306,bangla_devotional_035.wav,bangla,C:\Users\ASUS VivoBook\msc\CSE715\project\data\audio\bangla\bangla_devotional_035.wav
307,bangla_devotional_040.wav,bangla,C:\Users\ASUS VivoBook\msc\CSE715\project\data\audio\bangla\bangla_devotional_040.wav
308,bangla_devotional_045.wav,bangla,C:\Users\ASUS VivoBook\msc\CSE715\project\data\audio\bangla\bangla_devotional_045.wav
309,bangla_devotional_050.wav,bangla,C:\Users\ASUS VivoBook\msc\CSE715\project\data\audio\bangla\bangla_devotional_050.wav
310,bangla_devotional_055.wav,bangla,C:\Users\ASUS VivoBook\msc\CSE715\project\data\audio\bangla\bangla_devotional_055.wav
311,bangla_devotional_060.wav,bangla,C:\Users\ASUS VivoBook\msc\CSE715\project\data\audio\bangla\bangla_devotional_060.wav
312,bangla_devotional_065.wav,bangla,C:\Users\ASUS VivoBook\msc\CSE715\project\data\audio\bangla\bangla_devotional_065.wav
313,bangla_devotional_070.wav,bangla,C:\Users\ASUS VivoBook\msc\CSE715\project\data\audio\bangla\bangla_devotional_070.wav
314,bangla_devotional_075.wav,bangla,C:\Users\ASUS VivoBook\msc\CSE715\project\data\audio\bangla\bangla_devotional_075.wav
315,bangla_devotional_080.wav,bangla,C:\Users\ASUS VivoBook\msc\CSE715\project\data\audio\bangla\bangla_devotional_080.wav
316,bangla_devotional_085.wav,bangla,C:\Users\ASUS VivoBook\msc\CSE715\project\data\audio\bangla\bangla_devotional_085.wav
317,bangla_devotional_090.wav,bangla,C:\Users\ASUS VivoBook\msc\CSE715\project\data\audio\bangla\bangla_devotional_090.wav
318,bangla_devotional_095.wav,bangla,C:\Users\ASUS VivoBook\msc\CSE715\project\data\audio\bangla\bangla_devotional_095.wav
319,bangla_devotional_100.wav,bangla,C:\Users\ASUS VivoBook\msc\CSE715\project\data\audio\bangla\bangla_devotional_100.wav
320,bangla_devotional_105.wav,bangla,C:\Users\ASUS VivoBook\msc\CSE715\project\data\audio\bangla\bangla_devotional_105.wav
321,bangla_devotional_110.wav,bangla,C:\Users\ASUS VivoBook\msc\CSE715\project\data\audio\bangla\bangla_devotional_110.wav
322,bangla_devotional_115.wav,bangla,C:\Users\ASUS VivoBook\msc\CSE715\project\data\audio\bangla\bangla_devotional_115.wav
323,bangla_devotional_120.wav,bangla,C:\Users\ASUS VivoBook\msc\CSE715\project\data\audio\bangla\bangla_devotional_120.wav
324,bangla_devotional_125.wav,bangla,C:\Users\ASUS VivoBook\msc\CSE715\project\data\audio\bangla\bangla_devotional_125.wav
325,bangla_devotional_130.wav,bangla,C:\Users\ASUS VivoBook\msc\CSE715\project\data\audio\bangla\bangla_devotional_130.wav
326,bangla_devotional_135.wav,bangla,C:\Users\ASUS VivoBook\msc\CSE715\project\data\audio\bangla\bangla_devotional_135.wav
327,bangla_devotional_140.wav,bangla,C:\Users\ASUS VivoBook\msc\CSE715\project\data\audio\bangla\bangla_devotional_140.wav
328,bangla_devotional_145.wav,bangla,C:\Users\ASUS VivoBook\msc\CSE715\project\data\audio\bangla\bangla_devotional_145.wav
329,bangla_devotional_150.wav,bangla,C:\Users\ASUS VivoBook\msc\CSE715\project\data\audio\bangla\bangla_devotional_150.wav
330,bangla_devotional_155.wav,bangla,C:\Users\ASUS VivoBook\msc\CSE715\project\data\audio\bangla\bangla_devotional_155.wav
331,bangla_devotional_160.wav,bangla,C:\Users\ASUS VivoBook\msc\CSE715\project\data\audio\bangla\bangla_devotional_160.wav
332,bangla_devotional_165.wav,bangla,C:\Users\ASUS VivoBook\msc\CSE715\project\data\audio\bangla\bangla_devotional_165.wav
333,bangla_devotional_170.wav,bangla,C:\Users\ASUS VivoBook\msc\CSE715\project\data\audio\bangla\bangla_devotional_170.wav
334,bangla_devotional_175.wav,bangla,C:\Users\ASUS VivoBook\msc\CSE715\project\data\audio\bangla\bangla_devotional_175.wav
335,bangla_devotional_180.wav,bangla,C:\Users\ASUS VivoBook\msc\CSE715\project\data\audio\bangla\bangla_devotional_180.wav
336,bangla_devotional_185.wav,bangla,C:\Users\ASUS VivoBook\msc\CSE715\project\data\audio\bangla\bangla_devotional_185.wav
337,bangla_devotional_190.wav,bangla,C:\Users\ASUS VivoBook\msc\CSE715\project\data\audio\bangla\bangla_devotional_190.wav
338,bangla_devotional_195.wav,bangla,C:\Users\ASUS VivoBook\msc\CSE715\project\data\audio\bangla\bangla_devotional_195.wav
339,bangla_devotional_200.wav,bangla,C:\Users\ASUS VivoBook\msc\CSE715\project\data\audio\bangla\bangla_devotional_200.wav
340,bangla_devotional_205.wav,bangla,C:\Users\ASUS VivoBook\msc\CSE715\project\data\audio\bangla\bangla_devotional_205.wav
341,bangla_devotional_210.wav,bangla,C:\Users\ASUS VivoBook\msc\CSE715\project\data\audio\bangla\bangla_devotional_210.wav
342,bangla_devotional_215.wav,bangla,C:\Users\ASUS VivoBook\msc\CSE715\project\data\audio\bangla\bangla_devotional_215.wav
343,bangla_devotional_220.wav,bangla,C:\Users\ASUS VivoBook\msc\CSE715\project\data\audio\bangla\bangla_devotional_220.wav
344,bangla_devotional_225.wav,bangla,C:\Users\ASUS VivoBook\msc\CSE715\project\data\audio\bangla\bangla_devotional_225.wav
345,bangla_devotional_230.wav,bangla,C:\Users\ASUS VivoBook\msc\CSE715\project\data\audio\bangla\bangla_devotional_230.wav
346,bangla_devotional_235.wav,bangla,C:\Users\ASUS VivoBook\msc\CSE715\project\data\audio\bangla\bangla_devotional_235.wav
347,bangla_devotional_240.wav,bangla,C:\Users\ASUS VivoBook\msc\CSE715\project\data\audio\bangla\bangla_devotional_240.wav
348,bangla_devotional_245.wav,bangla,C:\Users\ASUS VivoBook\msc\CSE715\project\data\audio\bangla\bangla_devotional_245.wav
349,bangla_devotional_250.wav,bangla,C:\Users\ASUS VivoBook\msc\CSE715\project\data\audio\bangla\bangla_devotional_250.wav
350,bangla_folk_001.wav,bangla,C:\Users\ASUS VivoBook\msc\CSE715\project\data\audio\bangla\bangla_folk_001.wav
351,bangla_folk_006.wav,bangla,C:\Users\ASUS VivoBook\msc\CSE715\project\data\audio\bangla\bangla_folk_006.wav
352,bangla_folk_011.wav,bangla,C:\Users\ASUS VivoBook\msc\CSE715\project\data\audio\bangla\bangla_folk_011.wav
353,bangla_folk_016.wav,bangla,C:\Users\ASUS VivoBook\msc\CSE715\project\data\audio\bangla\bangla_folk_016.wav
354,bangla_folk_021.wav,bangla,C:\Users\ASUS VivoBook\msc\CSE715\project\data\audio\bangla\bangla_folk_021.wav
355,bangla_folk_026.wav,bangla,C:\Users\ASUS VivoBook\msc\CSE715\project\data\audio\bangla\bangla_folk_026.wav
356,bangla_folk_031.wav,bangla,C:\Users\ASUS VivoBook\msc\CSE715\project\data\audio\bangla\bangla_folk_031.wav
357,bangla_folk_036.wav,bangla,C:\Users\ASUS VivoBook\msc\CSE715\project\data\audio\bangla\bangla_folk_036.wav
358,bangla_folk_041.wav,bangla,C:\Users\ASUS VivoBook\msc\CSE715\project\data\audio\bangla\bangla_folk_041.wav
359,bangla_folk_046.wav,bangla,C:\Users\ASUS VivoBook\msc\CSE715\project\data\audio\bangla\bangla_folk_046.wav
360,bangla_folk_051.wav,bangla,C:\Users\ASUS VivoBook\msc\CSE715\project\data\audio\bangla\bangla_folk_051.wav
361,bangla_folk_056.wav,bangla,C:\Users\ASUS VivoBook\msc\CSE715\project\data\audio\bangla\bangla_folk_056.wav
362,bangla_folk_061.wav,bangla,C:\Users\ASUS VivoBook\msc\CSE715\project\data\audio\bangla\bangla_folk_061.wav
363,bangla_folk_066.wav,bangla,C:\Users\ASUS VivoBook\msc\CSE715\project\data\audio\bangla\bangla_folk_066.wav
364,bangla_folk_071.wav,bangla,C:\Users\ASUS VivoBook\msc\CSE715\project\data\audio\bangla\bangla_folk_071.wav
365,bangla_folk_076.wav,bangla,C:\Users\ASUS VivoBook\msc\CSE715\project\data\audio\bangla\bangla_folk_076.wav
366,bangla_folk_081.wav,bangla,C:\Users\ASUS VivoBook\msc\CSE715\project\data\audio\bangla\bangla_folk_081.wav
367,bangla_folk_086.wav,bangla,C:\Users\ASUS VivoBook\msc\CSE715\project\data\audio\bangla\bangla_folk_086.wav
368,bangla_folk_091.wav,bangla,C:\Users\ASUS VivoBook\msc\CSE715\project\data\audio\bangla\bangla_folk_091.wav
369,bangla_folk_096.wav,bangla,C:\Users\ASUS VivoBook\msc\CSE715\project\data\audio\bangla\bangla_folk_096.wav
370,bangla_folk_101.wav,bangla,C:\Users\ASUS VivoBook\msc\CSE715\project\data\audio\bangla\bangla_folk_101.wav
371,bangla_folk_106.wav,bangla,C:\Users\ASUS VivoBook\msc\CSE715\project\data\audio\bangla\bangla_folk_106.wav
372,bangla_folk_111.wav,bangla,C:\Users\ASUS VivoBook\msc\CSE715\project\data\audio\bangla\bangla_folk_111.wav
373,bangla_folk_116.wav,bangla,C:\Users\ASUS VivoBook\msc\CSE715\project\data\audio\bangla\bangla_folk_116.wav
374,bangla_folk_121.wav,bangla,C:\Users\ASUS VivoBook\msc\CSE715\project\data\audio\bangla\bangla_folk_121.wav
375,bangla_folk_126.wav,bangla,C:\Users\ASUS VivoBook\msc\CSE715\project\data\audio\bangla\bangla_folk_126.wav
376,bangla_folk_131.wav,bangla,C:\Users\ASUS VivoBook\msc\CSE715\project\data\audio\bangla\bangla_folk_131.wav
377,bangla_folk_136.wav,bangla,C:\Users\ASUS VivoBook\msc\CSE715\project\data\audio\bangla\bangla_folk_136.wav
378,bangla_folk_141.wav,bangla,C:\Users\ASUS VivoBook\msc\CSE715\project\data\audio\bangla\bangla_folk_141.wav
379,bangla_folk_146.wav,bangla,C:\Users\ASUS VivoBook\msc\CSE715\project\data\audio\bangla\bangla_folk_146.wav
380,bangla_folk_151.wav,bangla,C:\Users\ASUS VivoBook\msc\CSE715\project\data\audio\bangla\bangla_folk_151.wav
381,bangla_folk_156.wav,bangla,C:\Users\ASUS VivoBook\msc\CSE715\project\data\audio\bangla\bangla_folk_156.wav
382,bangla_folk_161.wav,bangla,C:\Users\ASUS VivoBook\msc\CSE715\project\data\audio\bangla\bangla_folk_161.wav
383,bangla_folk_166.wav,bangla,C:\Users\ASUS VivoBook\msc\CSE715\project\data\audio\bangla\bangla_folk_166.wav
384,bangla_folk_171.wav,bangla,C:\Users\ASUS VivoBook\msc\CSE715\project\data\audio\bangla\bangla_folk_171.wav
385,bangla_folk_176.wav,bangla,C:\Users\ASUS VivoBook\msc\CSE715\project\data\audio\bangla\bangla_folk_176.wav
386,bangla_folk_181.wav,bangla,C:\Users\ASUS VivoBook\msc\CSE715\project\data\audio\bangla\bangla_folk_181.wav
387,bangla_folk_186.wav,bangla,C:\Users\ASUS VivoBook\msc\CSE715\project\data\audio\bangla\bangla_folk_186.wav
388,bangla_folk_191.wav,bangla,C:\Users\ASUS VivoBook\msc\CSE715\project\data\audio\bangla\bangla_folk_191.wav
389,bangla_folk_196.wav,bangla,C:\Users\ASUS VivoBook\msc\CSE715\project\data\audio\bangla\bangla_folk_196.wav
390,bangla_folk_201.wav,bangla,C:\Users\ASUS VivoBook\msc\CSE715\project\data\audio\bangla\bangla_folk_201.wav
391,bangla_folk_206.wav,bangla,C:\Users\ASUS VivoBook\msc\CSE715\project\data\audio\bangla\bangla_folk_206.wav
392,bangla_folk_211.wav,bangla,C:\Users\ASUS VivoBook\msc\CSE715\project\data\audio\bangla\bangla_folk_211.wav
393,bangla_folk_216.wav,bangla,C:\Users\ASUS VivoBook\msc\CSE715\project\data\audio\bangla\bangla_folk_216.wav
394,bangla_folk_221.wav,bangla,C:\Users\ASUS VivoBook\msc\CSE715\project\data\audio\bangla\bangla_folk_221.wav
395,bangla_folk_226.wav,bangla,C:\Users\ASUS VivoBook\msc\CSE715\project\data\audio\bangla\bangla_folk_226.wav
396,bangla_folk_231.wav,bangla,C:\Users\ASUS VivoBook\msc\CSE715\project\data\audio\bangla\bangla_folk_231.wav
397,bangla_folk_236.wav,bangla,C:\Users\ASUS VivoBook\msc\CSE715\project\data\audio\bangla\bangla_folk_236.wav
398,bangla_folk_241.wav,bangla,C:\Users\ASUS VivoBook\msc\CSE715\project\data\audio\bangla\bangla_folk_241.wav
399,bangla_folk_246.wav,bangla,C:\Users\ASUS VivoBook\msc\CSE715\project\data\audio\bangla\bangla_folk_246.wav
400,bangla_modern_003.wav,bangla,C:\Users\ASUS VivoBook\msc\CSE715\project\data\audio\bangla\bangla_modern_003.wav
401,bangla_modern_008.wav,bangla,C:\Users\ASUS VivoBook\msc\CSE715\project\data\audio\bangla\bangla_modern_008.wav
402,bangla_modern_013.wav,bangla,C:\Users\ASUS VivoBook\msc\CSE715\project\data\audio\bangla\bangla_modern_013.wav
403,bangla_modern_018.wav,bangla,C:\Users\ASUS VivoBook\msc\CSE715\project\data\audio\bangla\bangla_modern_018.wav
404,bangla_modern_023.wav,bangla,C:\Users\ASUS VivoBook\msc\CSE715\project\data\audio\bangla\bangla_modern_023.wav
405,bangla_modern_028.wav,bangla,C:\Users\ASUS VivoBook\msc\CSE715\project\data\audio\bangla\bangla_modern_028.wav
406,bangla_modern_033.wav,bangla,C:\Users\ASUS VivoBook\msc\CSE715\project\data\audio\bangla\bangla_modern_033.wav
407,bangla_modern_038.wav,bangla,C:\Users\ASUS VivoBook\msc\CSE715\project\data\audio\bangla\bangla_modern_038.wav
408,bangla_modern_043.wav,bangla,C:\Users\ASUS VivoBook\msc\CSE715\project\data\audio\bangla\bangla_modern_043.wav
409,bangla_modern_048.wav,bangla,C:\Users\ASUS VivoBook\msc\CSE715\project\data\audio\bangla\bangla_modern_048.wav
410,bangla_modern_053.wav,bangla,C:\Users\ASUS VivoBook\msc\CSE715\project\data\audio\bangla\bangla_modern_053.wav
411,bangla_modern_058.wav,bangla,C:\Users\ASUS VivoBook\msc\CSE715\project\data\audio\bangla\bangla_modern_058.wav
412,bangla_modern_063.wav,bangla,C:\Users\ASUS VivoBook\msc\CSE715\project\data\audio\bangla\bangla_modern_063.wav
413,bangla_modern_068.wav,bangla,C:\Users\ASUS VivoBook\msc\CSE715\project\data\audio\bangla\bangla_modern_068.wav
414,bangla_modern_073.wav,bangla,C:\Users\ASUS VivoBook\msc\CSE715\project\data\audio\bangla\bangla_modern_073.wav
415,bangla_modern_078.wav,bangla,C:\Users\ASUS VivoBook\msc\CSE715\project\data\audio\bangla\bangla_modern_078.wav
416,bangla_modern_083.wav,bangla,C:\Users\ASUS VivoBook\msc\CSE715\project\data\audio\bangla\bangla_modern_083.wav
417,bangla_modern_088.wav,bangla,C:\Users\ASUS VivoBook\msc\CSE715\project\data\audio\bangla\bangla_modern_088.wav
418,bangla_modern_093.wav,bangla,C:\Users\ASUS VivoBook\msc\CSE715\project\data\audio\bangla\bangla_modern_093.wav
419,bangla_modern_098.wav,bangla,C:\Users\ASUS VivoBook\msc\CSE715\project\data\audio\bangla\bangla_modern_098.wav
420,bangla_modern_103.wav,bangla,C:\Users\ASUS VivoBook\msc\CSE715\project\data\audio\bangla\bangla_modern_103.wav
421,bangla_modern_108.wav,bangla,C:\Users\ASUS VivoBook\msc\CSE715\project\data\audio\bangla\bangla_modern_108.wav
422,bangla_modern_113.wav,bangla,C:\Users\ASUS VivoBook\msc\CSE715\project\data\audio\bangla\bangla_modern_113.wav
423,bangla_modern_118.wav,bangla,C:\Users\ASUS VivoBook\msc\CSE715\project\data\audio\bangla\bangla_modern_118.wav
424,bangla_modern_123.wav,bangla,C:\Users\ASUS VivoBook\msc\CSE715\project\data\audio\bangla\bangla_modern_123.wav
425,bangla_modern_128.wav,bangla,C:\Users\ASUS VivoBook\msc\CSE715\project\data\audio\bangla\bangla_modern_128.wav
426,bangla_modern_133.wav,bangla,C:\Users\ASUS VivoBook\msc\CSE715\project\data\audio\bangla\bangla_modern_133.wav
427,bangla_modern_138.wav,bangla,C:\Users\ASUS VivoBook\msc\CSE715\project\data\audio\bangla\bangla_modern_138.wav
428,bangla_modern_143.wav,bangla,C:\Users\ASUS VivoBook\msc\CSE715\project\data\audio\bangla\bangla_modern_143.wav
429,bangla_modern_148.wav,bangla,C:\Users\ASUS VivoBook\msc\CSE715\project\data\audio\bangla\bangla_modern_148.wav
430,bangla_modern_153.wav,bangla,C:\Users\ASUS VivoBook\msc\CSE715\project\data\audio\bangla\bangla_modern_153.wav
431,bangla_modern_158.wav,bangla,C:\Users\ASUS VivoBook\msc\CSE715\project\data\audio\bangla\bangla_modern_158.wav
432,bangla_modern_163.wav,bangla,C:\Users\ASUS VivoBook\msc\CSE715\project\data\audio\bangla\bangla_modern_163.wav
433,bangla_modern_168.wav,bangla,C:\Users\ASUS VivoBook\msc\CSE715\project\data\audio\bangla\bangla_modern_168.wav
434,bangla_modern_173.wav,bangla,C:\Users\ASUS VivoBook\msc\CSE715\project\data\audio\bangla\bangla_modern_173.wav
435,bangla_modern_178.wav,bangla,C:\Users\ASUS VivoBook\msc\CSE715\project\data\audio\bangla\bangla_modern_178.wav
436,bangla_modern_183.wav,bangla,C:\Users\ASUS VivoBook\msc\CSE715\project\data\audio\bangla\bangla_modern_183.wav
437,bangla_modern_188.wav,bangla,C:\Users\ASUS VivoBook\msc\CSE715\project\data\audio\bangla\bangla_modern_188.wav
438,bangla_modern_193.wav,bangla,C:\Users\ASUS VivoBook\msc\CSE715\project\data\audio\bangla\bangla_modern_193.wav
439,bangla_modern_198.wav,bangla,C:\Users\ASUS VivoBook\msc\CSE715\project\data\audio\bangla\bangla_modern_198.wav
440,bangla_modern_203.wav,bangla,C:\Users\ASUS VivoBook\msc\CSE715\project\data\audio\bangla\bangla_modern_203.wav
441,bangla_modern_208.wav,bangla,C:\Users\ASUS VivoBook\msc\CSE715\project\data\audio\bangla\bangla_modern_208.wav
442,bangla_modern_213.wav,bangla,C:\Users\ASUS VivoBook\msc\CSE715\project\data\audio\bangla\bangla_modern_213.wav
443,bangla_modern_218.wav,bangla,C:\Users\ASUS VivoBook\msc\CSE715\project\data\audio\bangla\bangla_modern_218.wav
444,bangla_modern_223.wav,bangla,C:\Users\ASUS VivoBook\msc\CSE715\project\data\audio\bangla\bangla_modern_223.wav
445,bangla_modern_228.wav,bangla,C:\Users\ASUS VivoBook\msc\CSE715\project\data\audio\bangla\bangla_modern_228.wav
446,bangla_modern_233.wav,bangla,C:\Users\ASUS VivoBook\msc\CSE715\project\data\audio\bangla\bangla_modern_233.wav
447,bangla_modern_238.wav,bangla,C:\Users\ASUS VivoBook\msc\CSE715\project\data\audio\bangla\bangla_modern_238.wav
448,bangla_modern_243.wav,bangla,C:\Users\ASUS VivoBook\msc\CSE715\project\data\audio\bangla\bangla_modern_243.wav
449,bangla_modern_248.wav,bangla,C:\Users\ASUS VivoBook\msc\CSE715\project\data\audio\bangla\bangla_modern_248.wav
450,bangla_rock_004.wav,bangla,C:\Users\ASUS VivoBook\msc\CSE715\project\data\audio\bangla\bangla_rock_004.wav
451,bangla_rock_009.wav,bangla,C:\Users\ASUS VivoBook\msc\CSE715\project\data\audio\bangla\bangla_rock_009.wav
452,bangla_rock_014.wav,bangla,C:\Users\ASUS VivoBook\msc\CSE715\project\data\audio\bangla\bangla_rock_014.wav
453,bangla_rock_019.wav,bangla,C:\Users\ASUS VivoBook\msc\CSE715\project\data\audio\bangla\bangla_rock_019.wav
454,bangla_rock_024.wav,bangla,C:\Users\ASUS VivoBook\msc\CSE715\project\data\audio\bangla\bangla_rock_024.wav
455,bangla_rock_029.wav,bangla,C:\Users\ASUS VivoBook\msc\CSE715\project\data\audio\bangla\bangla_rock_029.wav
456,bangla_rock_034.wav,bangla,C:\Users\ASUS VivoBook\msc\CSE715\project\data\audio\bangla\bangla_rock_034.wav
457,bangla_rock_039.wav,bangla,C:\Users\ASUS VivoBook\msc\CSE715\project\data\audio\bangla\bangla_rock_039.wav
458,bangla_rock_044.wav,bangla,C:\Users\ASUS VivoBook\msc\CSE715\project\data\audio\bangla\bangla_rock_044.wav
459,bangla_rock_049.wav,bangla,C:\Users\ASUS VivoBook\msc\CSE715\project\data\audio\bangla\bangla_rock_049.wav
460,bangla_rock_054.wav,bangla,C:\Users\ASUS VivoBook\msc\CSE715\project\data\audio\bangla\bangla_rock_054.wav
461,bangla_rock_059.wav,bangla,C:\Users\ASUS VivoBook\msc\CSE715\project\data\audio\bangla\bangla_rock_059.wav
462,bangla_rock_064.wav,bangla,C:\Users\ASUS VivoBook\msc\CSE715\project\data\audio\bangla\bangla_rock_064.wav
463,bangla_rock_069.wav,bangla,C:\Users\ASUS VivoBook\msc\CSE715\project\data\audio\bangla\bangla_rock_069.wav
464,bangla_rock_074.wav,bangla,C:\Users\ASUS VivoBook\msc\CSE715\project\data\audio\bangla\bangla_rock_074.wav
465,bangla_rock_079.wav,bangla,C:\Users\ASUS VivoBook\msc\CSE715\project\data\audio\bangla\bangla_rock_079.wav
466,bangla_rock_084.wav,bangla,C:\Users\ASUS VivoBook\msc\CSE715\project\data\audio\bangla\bangla_rock_084.wav
467,bangla_rock_089.wav,bangla,C:\Users\ASUS VivoBook\msc\CSE715\project\data\audio\bangla\bangla_rock_089.wav
468,bangla_rock_094.wav,bangla,C:\Users\ASUS VivoBook\msc\CSE715\project\data\audio\bangla\bangla_rock_094.wav
469,bangla_rock_099.wav,bangla,C:\Users\ASUS VivoBook\msc\CSE715\project\data\audio\bangla\bangla_rock_099.wav
470,bangla_rock_104.wav,bangla,C:\Users\ASUS VivoBook\msc\CSE715\project\data\audio\bangla\bangla_rock_104.wav
471,bangla_rock_109.wav,bangla,C:\Users\ASUS VivoBook\msc\CSE715\project\data\audio\bangla\bangla_rock_109.wav
472,bangla_rock_114.wav,bangla,C:\Users\ASUS VivoBook\msc\CSE715\project\data\audio\bangla\bangla_rock_114.wav
473,bangla_rock_119.wav,bangla,C:\Users\ASUS VivoBook\msc\CSE715\project\data\audio\bangla\bangla_rock_119.wav
474,bangla_rock_124.wav,bangla,C:\Users\ASUS VivoBook\msc\CSE715\project\data\audio\bangla\bangla_rock_124.wav
475,bangla_rock_129.wav,bangla,C:\Users\ASUS VivoBook\msc\CSE715\project\data\audio\bangla\bangla_rock_129.wav
476,bangla_rock_134.wav,bangla,C:\Users\ASUS VivoBook\msc\CSE715\project\data\audio\bangla\bangla_rock_134.wav
477,bangla_rock_139.wav,bangla,C:\Users\ASUS VivoBook\msc\CSE715\project\data\audio\bangla\bangla_rock_139.wav
478,bangla_rock_144.wav,bangla,C:\Users\ASUS VivoBook\msc\CSE715\project\data\audio\bangla\bangla_rock_144.wav
479,bangla_rock_149.wav,bangla,C:\Users\ASUS VivoBook\msc\CSE715\project\data\audio\bangla\bangla_rock_149.wav
480,bangla_rock_154.wav,bangla,C:\Users\ASUS VivoBook\msc\CSE715\project\data\audio\bangla\bangla_rock_154.wav
481,bangla_rock_159.wav,bangla,C:\Users\ASUS VivoBook\msc\CSE715\project\data\audio\bangla\bangla_rock_159.wav
482,bangla_rock_164.wav,bangla,C:\Users\ASUS VivoBook\msc\CSE715\project\data\audio\bangla\bangla_rock_164.wav
483,bangla_rock_169.wav,bangla,C:\Users\ASUS VivoBook\msc\CSE715\project\data\audio\bangla\bangla_rock_169.wav
484,bangla_rock_174.wav,bangla,C:\Users\ASUS VivoBook\msc\CSE715\project\data\audio\bangla\bangla_rock_174.wav
485,bangla_rock_179.wav,bangla,C:\Users\ASUS VivoBook\msc\CSE715\project\data\audio\bangla\bangla_rock_179.wav
486,bangla_rock_184.wav,bangla,C:\Users\ASUS VivoBook\msc\CSE715\project\data\audio\bangla\bangla_rock_184.wav
487,bangla_rock_189.wav,bangla,C:\Users\ASUS VivoBook\msc\CSE715\project\data\audio\bangla\bangla_rock_189.wav
488,bangla_rock_194.wav,bangla,C:\Users\ASUS VivoBook\msc\CSE715\project\data\audio\bangla\bangla_rock_194.wav
489,bangla_rock_199.wav,bangla,C:\Users\ASUS VivoBook\msc\CSE715\project\data\audio\bangla\bangla_rock_199.wav
490,bangla_rock_204.wav,bangla,C:\Users\ASUS VivoBook\msc\CSE715\project\data\audio\bangla\bangla_rock_204.wav
491,bangla_rock_209.wav,bangla,C:\Users\ASUS VivoBook\msc\CSE715\project\data\audio\bangla\bangla_rock_209.wav
492,bangla_rock_214.wav,bangla,C:\Users\ASUS VivoBook\msc\CSE715\project\data\audio\bangla\bangla_rock_214.wav
493,bangla_rock_219.wav,bangla,C:\Users\ASUS VivoBook\msc\CSE715\project\data\audio\bangla\bangla_rock_219.wav
494,bangla_rock_224.wav,bangla,C:\Users\ASUS VivoBook\msc\CSE715\project\data\audio\bangla\bangla_rock_224.wav
495,bangla_rock_229.wav,bangla,C:\Users\ASUS VivoBook\msc\CSE715\project\data\audio\bangla\bangla_rock_229.wav
496,bangla_rock_234.wav,bangla,C:\Users\ASUS VivoBook\msc\CSE715\project\data\audio\bangla\bangla_rock_234.wav
497,bangla_rock_239.wav,bangla,C:\Users\ASUS VivoBook\msc\CSE715\project\data\audio\bangla\bangla_rock_239.wav
498,bangla_rock_244.wav,bangla,C:\Users\ASUS VivoBook\msc\CSE715\project\data\audio\bangla\bangla_rock_244.wav
499,bangla_rock_249.wav,bangla,C:\Users\ASUS VivoBook\msc\CSE715\project\data\audio\bangla\bangla_rock_249.wav
